video_id,url,category,status
kQXggaqbAUQ,https://www.youtube.com/watch?v=kQXggaqbAUQ&pp=ygUWNGsgbmV3cyBicm9hZGNhc3QgbGl2ZQ%3D%3D,real,failed
rnXIjl_Rzy4,https://www.youtube.com/watch?v=rnXIjl_Rzy4&pp=ygUWNGsgbmV3cyBicm9hZGNhc3QgbGl2ZQ%3D%3D,real,failed
UEy5LqeLJ2c,https://www.youtube.com/watch?v=UEy5LqeLJ2c&pp=ygUWNGsgbmV3cyBicm9hZGNhc3QgbGl2ZQ%3D%3D,real,failed
iEpJwprxDdk,https://www.youtube.com/watch?v=iEpJwprxDdk&pp=ygUWNGsgbmV3cyBicm9hZGNhc3QgbGl2ZQ%3D%3D,real,failed
-xJIQHWZQWg,https://www.youtube.com/watch?v=-xJIQHWZQWg&pp=ygUWNGsgbmV3cyBicm9hZGNhc3QgbGl2ZdIHCQnUCgGHKiGM7w%3D%3D,real,failed
ldntOcAsFiE,https://www.youtube.com/watch?v=ldntOcAsFiE&pp=ygUWNGsgbmV3cyBicm9hZGNhc3QgbGl2ZQ%3D%3D,real,completed
eXSLBxg_0Jw,https://www.youtube.com/watch?v=eXSLBxg_0Jw&pp=ygUWNGsgbmV3cyBicm9hZGNhc3QgbGl2ZQ%3D%3D,real,completed
D2CBGfS8btE,https://www.youtube.com/watch?v=D2CBGfS8btE&pp=ygUWNGsgbmV3cyBicm9hZGNhc3QgbGl2ZQ%3D%3D,real,completed
ABnvuDjicEE,https://www.youtube.com/watch?v=ABnvuDjicEE&pp=ygUWNGsgbmV3cyBicm9hZGNhc3QgbGl2ZdIHCQnUCgGHKiGM7w%3D%3D,real,failed
0Nn-sXbkKRg,https://www.youtube.com/watch?v=0Nn-sXbkKRg&pp=ygUWNGsgbmV3cyBicm9hZGNhc3QgbGl2ZQ%3D%3D,real,completed
Tmd0TGNM3U8,https://www.youtube.com/watch?v=Tmd0TGNM3U8&pp=ygUWNGsgbmV3cyBicm9hZGNhc3QgbGl2ZQ%3D%3D,real,failed
o6FfjZeVmI4,https://www.youtube.com/watch?v=o6FfjZeVmI4&pp=ygUWNGsgbmV3cyBicm9hZGNhc3QgbGl2ZQ%3D%3D,real,completed
uS4gRu1pbgQ,https://www.youtube.com/watch?v=uS4gRu1pbgQ&pp=ygUWNGsgbmV3cyBicm9hZGNhc3QgbGl2ZQ%3D%3D,real,failed
iipR5yUp36o,https://www.youtube.com/watch?v=iipR5yUp36o&pp=ygUWNGsgbmV3cyBicm9hZGNhc3QgbGl2ZQ%3D%3D,real,failed
YDvsBbKfLPA,https://www.youtube.com/watch?v=YDvsBbKfLPA&pp=ygUWNGsgbmV3cyBicm9hZGNhc3QgbGl2ZQ%3D%3D,real,failed
keUb7Uk1oYE,https://www.youtube.com/watch?v=keUb7Uk1oYE&pp=ygUgaXBob25lIDE1IHBybyBtYXggcmF3IHZpZGVvIHRlc3Q%3D,real,completed
6wnswRQO4WI,https://www.youtube.com/watch?v=6wnswRQO4WI&pp=ygUgaXBob25lIDE1IHBybyBtYXggcmF3IHZpZGVvIHRlc3Q%3D,real,completed
KlnniPaDGDM,https://www.youtube.com/watch?v=KlnniPaDGDM&pp=ygUgaXBob25lIDE1IHBybyBtYXggcmF3IHZpZGVvIHRlc3Q%3D,real,completed
z7fIA7vConc,https://www.youtube.com/watch?v=z7fIA7vConc&pp=ygUgaXBob25lIDE1IHBybyBtYXggcmF3IHZpZGVvIHRlc3TSBwkJ1AoBhyohjO8%3D,real,completed
jLZRwk5Cur0,https://www.youtube.com/watch?v=jLZRwk5Cur0&pp=ygUgaXBob25lIDE1IHBybyBtYXggcmF3IHZpZGVvIHRlc3Q%3D,real,completed
x96lHB_Zeg8,https://www.youtube.com/watch?v=x96lHB_Zeg8&pp=ygUgaXBob25lIDE1IHBybyBtYXggcmF3IHZpZGVvIHRlc3Q%3D,real,completed
g1Lx6TvW4T0,https://www.youtube.com/watch?v=g1Lx6TvW4T0&pp=ygUgaXBob25lIDE1IHBybyBtYXggcmF3IHZpZGVvIHRlc3Q%3D,real,completed
94nDWj6fBWk,https://www.youtube.com/watch?v=94nDWj6fBWk&pp=ygUgaXBob25lIDE1IHBybyBtYXggcmF3IHZpZGVvIHRlc3Q%3D,real,completed
HPOBCmdz8Bo,https://www.youtube.com/watch?v=HPOBCmdz8Bo&pp=ygUgaXBob25lIDE1IHBybyBtYXggcmF3IHZpZGVvIHRlc3Q%3D,real,completed
BOZUfWcGCxk,https://www.youtube.com/watch?v=BOZUfWcGCxk&pp=ygUgaXBob25lIDE1IHBybyBtYXggcmF3IHZpZGVvIHRlc3Q%3D,real,completed
Q8Z32AL0yG4,https://www.youtube.com/watch?v=Q8Z32AL0yG4&pp=ygUgaXBob25lIDE1IHBybyBtYXggcmF3IHZpZGVvIHRlc3TSBwkJ1AoBhyohjO8%3D,real,completed
vBSCCosHa2A,https://www.youtube.com/watch?v=vBSCCosHa2A&pp=ygUgaXBob25lIDE1IHBybyBtYXggcmF3IHZpZGVvIHRlc3Q%3D,real,completed
q3iyXdebOvg,https://www.youtube.com/watch?v=q3iyXdebOvg&pp=ygUgaXBob25lIDE1IHBybyBtYXggcmF3IHZpZGVvIHRlc3Q%3D,real,completed
DZoQgEZ73Fs,https://www.youtube.com/watch?v=DZoQgEZ73Fs&pp=ygUgaXBob25lIDE1IHBybyBtYXggcmF3IHZpZGVvIHRlc3Q%3D,real,completed
CkmZkosaVnI,https://www.youtube.com/watch?v=CkmZkosaVnI&pp=ygUgaXBob25lIDE1IHBybyBtYXggcmF3IHZpZGVvIHRlc3Q%3D,real,completed
WUoIgQI2wPA,https://www.youtube.com/watch?v=WUoIgQI2wPA&pp=ygUZcmF3IGRhc2hjYW0gZm9vdGFnZSAxMDgwcA%3D%3D,real,completed
yymvlmINAuk,https://www.youtube.com/watch?v=yymvlmINAuk&pp=ygUZcmF3IGRhc2hjYW0gZm9vdGFnZSAxMDgwcNIHCQnUCgGHKiGM7w%3D%3D,real,completed
lQ4KggjbiD4,https://www.youtube.com/watch?v=lQ4KggjbiD4&pp=ygUZcmF3IGRhc2hjYW0gZm9vdGFnZSAxMDgwcA%3D%3D,real,completed
R5B3uVNziXE,https://www.youtube.com/watch?v=R5B3uVNziXE&pp=ygUZcmF3IGRhc2hjYW0gZm9vdGFnZSAxMDgwcA%3D%3D,real,completed
Tm-lFMAru5c,https://www.youtube.com/watch?v=Tm-lFMAru5c&pp=ygUZcmF3IGRhc2hjYW0gZm9vdGFnZSAxMDgwcA%3D%3D,real,completed
1nFOH29CWWk,https://www.youtube.com/watch?v=1nFOH29CWWk&pp=ygUZcmF3IGRhc2hjYW0gZm9vdGFnZSAxMDgwcA%3D%3D,real,completed
3NIFIsiZMgY,https://www.youtube.com/watch?v=3NIFIsiZMgY&pp=ygUZcmF3IGRhc2hjYW0gZm9vdGFnZSAxMDgwcA%3D%3D,real,completed
ohwhkytW1s4,https://www.youtube.com/watch?v=ohwhkytW1s4&pp=ygUZcmF3IGRhc2hjYW0gZm9vdGFnZSAxMDgwcA%3D%3D,real,completed
RFMh0zJaxpM,https://www.youtube.com/watch?v=RFMh0zJaxpM&pp=ygUZcmF3IGRhc2hjYW0gZm9vdGFnZSAxMDgwcA%3D%3D,real,completed
Odf8d9aWAgY,https://www.youtube.com/watch?v=Odf8d9aWAgY&pp=ygUZcmF3IGRhc2hjYW0gZm9vdGFnZSAxMDgwcA%3D%3D,real,completed
BreJ_-tiEvg,https://www.youtube.com/watch?v=BreJ_-tiEvg&pp=ygUmU29yYSBBSSBnZW5lcmF0ZWQgdmlkZW8gcGhvdG9yZWFsaXN0aWM%3D,ai,completed
OY2x0TyKzIQ,https://www.youtube.com/watch?v=OY2x0TyKzIQ&pp=ygUmU29yYSBBSSBnZW5lcmF0ZWQgdmlkZW8gcGhvdG9yZWFsaXN0aWM%3D,ai,completed
JhH3uxcdM1M,https://www.youtube.com/watch?v=JhH3uxcdM1M&pp=ygUmU29yYSBBSSBnZW5lcmF0ZWQgdmlkZW8gcGhvdG9yZWFsaXN0aWM%3D,ai,completed
anmuklFtu8U,https://www.youtube.com/watch?v=anmuklFtu8U&pp=ygUmU29yYSBBSSBnZW5lcmF0ZWQgdmlkZW8gcGhvdG9yZWFsaXN0aWM%3D,ai,completed
5gJPzZ-XI2Y,https://www.youtube.com/watch?v=5gJPzZ-XI2Y&pp=ygUmU29yYSBBSSBnZW5lcmF0ZWQgdmlkZW8gcGhvdG9yZWFsaXN0aWM%3D,ai,completed
ettgw_25pTQ,https://www.youtube.com/watch?v=ettgw_25pTQ&pp=ygUmU29yYSBBSSBnZW5lcmF0ZWQgdmlkZW8gcGhvdG9yZWFsaXN0aWM%3D,ai,completed
N5DAmtOVx3I,https://www.youtube.com/watch?v=N5DAmtOVx3I&pp=ygUmU29yYSBBSSBnZW5lcmF0ZWQgdmlkZW8gcGhvdG9yZWFsaXN0aWM%3D,ai,completed
pNMMFov2f_c,https://www.youtube.com/watch?v=pNMMFov2f_c&pp=ygUmU29yYSBBSSBnZW5lcmF0ZWQgdmlkZW8gcGhvdG9yZWFsaXN0aWM%3D,ai,completed
lEcg6AJ6DVY,https://www.youtube.com/watch?v=lEcg6AJ6DVY&pp=ygUmU29yYSBBSSBnZW5lcmF0ZWQgdmlkZW8gcGhvdG9yZWFsaXN0aWM%3D,ai,completed
1PaoWKvcJP0,https://www.youtube.com/watch?v=1PaoWKvcJP0&pp=ygUmU29yYSBBSSBnZW5lcmF0ZWQgdmlkZW8gcGhvdG9yZWFsaXN0aWM%3D,ai,completed
Xe0YmwcS0O4,https://www.youtube.com/watch?v=Xe0YmwcS0O4&pp=ygUmU29yYSBBSSBnZW5lcmF0ZWQgdmlkZW8gcGhvdG9yZWFsaXN0aWM%3D,ai,completed
tVh9aMXW7-o,https://www.youtube.com/watch?v=tVh9aMXW7-o&pp=ygUmU29yYSBBSSBnZW5lcmF0ZWQgdmlkZW8gcGhvdG9yZWFsaXN0aWM%3D,ai,completed
8h2yFeYsXls,https://www.youtube.com/watch?v=8h2yFeYsXls&pp=ygUmU29yYSBBSSBnZW5lcmF0ZWQgdmlkZW8gcGhvdG9yZWFsaXN0aWM%3D,ai,completed
7UVWicIeIAE,https://www.youtube.com/watch?v=7UVWicIeIAE&pp=ygUmU29yYSBBSSBnZW5lcmF0ZWQgdmlkZW8gcGhvdG9yZWFsaXN0aWM%3D,ai,completed
MA8BP97ceO4,https://www.youtube.com/watch?v=MA8BP97ceO4&pp=ygUmU29yYSBBSSBnZW5lcmF0ZWQgdmlkZW8gcGhvdG9yZWFsaXN0aWM%3D,ai,completed
nByslCkykj8,https://www.youtube.com/watch?v=nByslCkykj8&pp=ygUVUnVud2F5IEdlbiAzIHNob3djYXNl,ai,completed
XEF9KR_B6no,https://www.youtube.com/watch?v=XEF9KR_B6no&pp=ygUVUnVud2F5IEdlbiAzIHNob3djYXNl,ai,completed
7AN4D3iN7BA,https://www.youtube.com/watch?v=7AN4D3iN7BA&pp=ygUVUnVud2F5IEdlbiAzIHNob3djYXNl,ai,completed
px2ShC7P0bE,https://www.youtube.com/watch?v=px2ShC7P0bE&list=RDpx2ShC7P0bE&start_radio=1&pp=ygUVUnVud2F5IEdlbiAzIHNob3djYXNloAcB0gcJCdQKAYcqIYzv,ai,completed
AwKSrJFvdps,https://www.youtube.com/watch?v=AwKSrJFvdps&pp=ygUVUnVud2F5IEdlbiAzIHNob3djYXNl,ai,completed
cZVg4cUpD04,https://www.youtube.com/watch?v=cZVg4cUpD04&pp=ygUVUnVud2F5IEdlbiAzIHNob3djYXNl,ai,completed
KUHx-2uz_qI,https://www.youtube.com/watch?v=KUHx-2uz_qI&pp=ygUVUnVud2F5IEdlbiAzIHNob3djYXNl,ai,completed
W82N6R28bAo,https://www.youtube.com/watch?v=W82N6R28bAo&pp=ygUVUnVud2F5IEdlbiAzIHNob3djYXNl,ai,completed
nGeT8CXN_YM,https://www.youtube.com/watch?v=nGeT8CXN_YM&pp=ygUVUnVud2F5IEdlbiAzIHNob3djYXNl,ai,completed
J52boyqNiec,https://www.youtube.com/watch?v=J52boyqNiec&pp=ygUVUnVud2F5IEdlbiAzIHNob3djYXNl,ai,completed
FqYRkl12ON8,https://www.youtube.com/watch?v=FqYRkl12ON8&t=452s&pp=ygUVUnVud2F5IEdlbiAzIHNob3djYXNl0gcJCdQKAYcqIYzv,ai,completed
OrUlbz3E23s,https://www.youtube.com/watch?v=OrUlbz3E23s&list=RDOrUlbz3E23s&start_radio=1&pp=ygUVUnVud2F5IEdlbiAzIHNob3djYXNloAcB,ai,completed
148HJnhe4bg,https://www.youtube.com/watch?v=148HJnhe4bg&pp=ygUVUnVud2F5IEdlbiAzIHNob3djYXNl,ai,failed
I4Udu3GPrc8,https://www.youtube.com/watch?v=I4Udu3GPrc8&pp=ygUVUnVud2F5IEdlbiAzIHNob3djYXNl,ai,completed
kjKKkfsVtZ0,https://www.youtube.com/watch?v=kjKKkfsVtZ0&pp=ygUVUnVud2F5IEdlbiAzIHNob3djYXNl,ai,completed
anACVZDNw6o,https://www.youtube.com/watch?v=anACVZDNw6o&pp=ygUZS2xpbmcgQUkgdmlkZW8gZ2VuZXJhdGlvbg%3D%3D,ai,completed
p6cV7PitAvg,https://www.youtube.com/watch?v=p6cV7PitAvg&pp=ygUZS2xpbmcgQUkgdmlkZW8gZ2VuZXJhdGlvbg%3D%3D,ai,completed
G1VHCrl4jy4,https://www.youtube.com/watch?v=G1VHCrl4jy4&pp=ygUZS2xpbmcgQUkgdmlkZW8gZ2VuZXJhdGlvbg%3D%3D,ai,completed
-MluR9dqt5w,https://www.youtube.com/watch?v=-MluR9dqt5w&pp=ygUZS2xpbmcgQUkgdmlkZW8gZ2VuZXJhdGlvbg%3D%3D,ai,completed
EWBsU0fSgPs,https://www.youtube.com/watch?v=EWBsU0fSgPs&pp=ygUZS2xpbmcgQUkgdmlkZW8gZ2VuZXJhdGlvbg%3D%3D,ai,completed
HTBfxEqDCdU,https://www.youtube.com/watch?v=HTBfxEqDCdU&pp=ygUZS2xpbmcgQUkgdmlkZW8gZ2VuZXJhdGlvbg%3D%3D,ai,completed
Em6pM_MPNmc,https://www.youtube.com/watch?v=Em6pM_MPNmc&pp=ygUZS2xpbmcgQUkgdmlkZW8gZ2VuZXJhdGlvbg%3D%3D,ai,completed
aQMcKnonJcg,https://www.youtube.com/watch?v=aQMcKnonJcg&pp=ygUZS2xpbmcgQUkgdmlkZW8gZ2VuZXJhdGlvbg%3D%3D,ai,completed
YBBSyGaM-7w,https://www.youtube.com/watch?v=YBBSyGaM-7w&pp=ygUZS2xpbmcgQUkgdmlkZW8gZ2VuZXJhdGlvbg%3D%3D,ai,completed
xoSbJFRnKMM,https://www.youtube.com/watch?v=xoSbJFRnKMM&t=147s&pp=ygUZS2xpbmcgQUkgdmlkZW8gZ2VuZXJhdGlvbg%3D%3D,ai,completed
DiqN2rgg9RU,https://www.youtube.com/watch?v=DiqN2rgg9RU&pp=ygUbcG9kY2FzdCBpbnRlcnZpZXcgbXVsdGktY2Ft,real,completed
RktEsHlWU_A,https://www.youtube.com/watch?v=RktEsHlWU_A&pp=ygUbcG9kY2FzdCBpbnRlcnZpZXcgbXVsdGktY2Ft,real,completed
rplQnysEA2Q,https://www.youtube.com/watch?v=rplQnysEA2Q&pp=ygUbcG9kY2FzdCBpbnRlcnZpZXcgbXVsdGktY2Ft,real,completed
CPmSCfVXVoY,https://www.youtube.com/watch?v=CPmSCfVXVoY&pp=ygUbcG9kY2FzdCBpbnRlcnZpZXcgbXVsdGktY2Ft,real,completed
RWpWc8QbyNM,https://www.youtube.com/watch?v=RWpWc8QbyNM&pp=ygUbcG9kY2FzdCBpbnRlcnZpZXcgbXVsdGktY2Ft,real,completed
9y9UEAkB2VA,https://www.youtube.com/watch?v=9y9UEAkB2VA&pp=ygUbcG9kY2FzdCBpbnRlcnZpZXcgbXVsdGktY2Ft,real,completed
tq6Xt8SpCGU,https://www.youtube.com/watch?v=tq6Xt8SpCGU&pp=ygUbcG9kY2FzdCBpbnRlcnZpZXcgbXVsdGktY2Ft,real,completed
C9LGwbrf0hM,https://www.youtube.com/watch?v=C9LGwbrf0hM&pp=ygUbcG9kY2FzdCBpbnRlcnZpZXcgbXVsdGktY2Ft0gcJCdQKAYcqIYzv,real,completed
KG6tsJgZZSA,https://www.youtube.com/watch?v=KG6tsJgZZSA&pp=ygUbcG9kY2FzdCBpbnRlcnZpZXcgbXVsdGktY2Ft,real,completed
HONnXCbReVc,https://www.youtube.com/watch?v=HONnXCbReVc&pp=ygUbcG9kY2FzdCBpbnRlcnZpZXcgbXVsdGktY2Ft,real,completed
7ZhdXgRfxHI,https://www.youtube.com/watch?v=7ZhdXgRfxHI&pp=ygUiZG9jdW1lbnRhcnkgbmF0dXJlIGItcm9sbCB1bmVkaXRlZNIHCQnUCgGHKiGM7w%3D%3D,real,completed
TMnviG0jzik,https://www.youtube.com/watch?v=TMnviG0jzik&pp=ygUiZG9jdW1lbnRhcnkgbmF0dXJlIGItcm9sbCB1bmVkaXRlZA%3D%3D,real,completed
EYJm7hIYLSU,https://www.youtube.com/watch?v=EYJm7hIYLSU&pp=ygUiZG9jdW1lbnRhcnkgbmF0dXJlIGItcm9sbCB1bmVkaXRlZA%3D%3D,real,completed
k-8g7_d9GBY,https://www.youtube.com/watch?v=k-8g7_d9GBY&pp=ygUiZG9jdW1lbnRhcnkgbmF0dXJlIGItcm9sbCB1bmVkaXRlZA%3D%3D,real,completed
oIP1c0igXGk,https://www.youtube.com/watch?v=oIP1c0igXGk&pp=ygUiZG9jdW1lbnRhcnkgbmF0dXJlIGItcm9sbCB1bmVkaXRlZA%3D%3D,real,completed
iAlOLJjExQE,https://www.youtube.com/watch?v=iAlOLJjExQE&pp=ygUiZG9jdW1lbnRhcnkgbmF0dXJlIGItcm9sbCB1bmVkaXRlZA%3D%3D,real,completed
u_DsoUZlTek,https://www.youtube.com/watch?v=u_DsoUZlTek&pp=ygUiZG9jdW1lbnRhcnkgbmF0dXJlIGItcm9sbCB1bmVkaXRlZA%3D%3D,real,completed
VNu15Qqomt8,https://www.youtube.com/watch?v=VNu15Qqomt8&pp=ygUiZG9jdW1lbnRhcnkgbmF0dXJlIGItcm9sbCB1bmVkaXRlZA%3D%3D,real,completed
RpVweHxjUhk,https://www.youtube.com/watch?v=RpVweHxjUhk&pp=ygUiZG9jdW1lbnRhcnkgbmF0dXJlIGItcm9sbCB1bmVkaXRlZA%3D%3D,real,completed
S9iZ2ZvHVHo,https://www.youtube.com/watch?v=S9iZ2ZvHVHo&pp=ygUiZG9jdW1lbnRhcnkgbmF0dXJlIGItcm9sbCB1bmVkaXRlZA%3D%3D,real,completed
mc74cBCs6w4,https://www.youtube.com/watch?v=mc74cBCs6w4&pp=ygUYdmxvZyBoaWdoIHF1YWxpdHkgY2FtZXJh,real,completed
noC91MJVPIM,https://www.youtube.com/watch?v=noC91MJVPIM&pp=ygUYdmxvZyBoaWdoIHF1YWxpdHkgY2FtZXJh,real,completed
Qavo29ioi2Q,https://www.youtube.com/watch?v=Qavo29ioi2Q&pp=ygUYdmxvZyBoaWdoIHF1YWxpdHkgY2FtZXJh,real,completed
57imm6PYz0o,https://www.youtube.com/watch?v=57imm6PYz0o&pp=ygUYdmxvZyBoaWdoIHF1YWxpdHkgY2FtZXJh,real,completed
pqjWiv-FNZ0,https://www.youtube.com/watch?v=pqjWiv-FNZ0&pp=ygUYdmxvZyBoaWdoIHF1YWxpdHkgY2FtZXJh,real,completed
0mVBgzD6O8k,https://www.youtube.com/watch?v=0mVBgzD6O8k&pp=ygUYdmxvZyBoaWdoIHF1YWxpdHkgY2FtZXJh,real,completed
MITckU6Nhls,https://www.youtube.com/watch?v=MITckU6Nhls&pp=ygUYdmxvZyBoaWdoIHF1YWxpdHkgY2FtZXJh,real,completed
7WJwa1P6p98,https://www.youtube.com/watch?v=7WJwa1P6p98&pp=ygUYdmxvZyBoaWdoIHF1YWxpdHkgY2FtZXJh0gcJCdQKAYcqIYzv,real,completed
sWETfW445bo,https://www.youtube.com/watch?v=sWETfW445bo&pp=ygUYdmxvZyBoaWdoIHF1YWxpdHkgY2FtZXJh,real,completed
8T2usqGbxog,https://www.youtube.com/watch?v=8T2usqGbxog&pp=ygUYdmxvZyBoaWdoIHF1YWxpdHkgY2FtZXJh,real,completed
uJaqnJ6-xfY,https://www.youtube.com/watch?v=uJaqnJ6-xfY&pp=ygUdc3BvcnRzIGhpZ2hsaWdodHMgMTA4MHAgNjBmcHM%3D,real,completed
ZeJlh0vhcFc,https://www.youtube.com/watch?v=ZeJlh0vhcFc&pp=ygUdc3BvcnRzIGhpZ2hsaWdodHMgMTA4MHAgNjBmcHM%3D,real,completed
Iq79pyqCR-o,https://www.youtube.com/watch?v=Iq79pyqCR-o&pp=ygUdc3BvcnRzIGhpZ2hsaWdodHMgMTA4MHAgNjBmcHM%3D,real,completed
uIm28lp4g1Y,https://www.youtube.com/watch?v=uIm28lp4g1Y&pp=ygUdc3BvcnRzIGhpZ2hsaWdodHMgMTA4MHAgNjBmcHM%3D,real,completed
7WJHBIUX_S0,https://www.youtube.com/watch?v=7WJHBIUX_S0&pp=ygUdc3BvcnRzIGhpZ2hsaWdodHMgMTA4MHAgNjBmcHM%3D,real,completed
HsWkKdCVRGI,https://www.youtube.com/watch?v=HsWkKdCVRGI&pp=ygUdc3BvcnRzIGhpZ2hsaWdodHMgMTA4MHAgNjBmcHM%3D,real,completed
8wTyv-5E5Kc,https://www.youtube.com/watch?v=8wTyv-5E5Kc&pp=ygUdc3BvcnRzIGhpZ2hsaWdodHMgMTA4MHAgNjBmcHM%3D,real,completed
peuIQ9Iztwo,https://www.youtube.com/watch?v=peuIQ9Iztwo&pp=ygUdc3BvcnRzIGhpZ2hsaWdodHMgMTA4MHAgNjBmcHM%3D,real,completed
l5egeVNhndc,https://www.youtube.com/watch?v=l5egeVNhndc&pp=ygUdc3BvcnRzIGhpZ2hsaWdodHMgMTA4MHAgNjBmcHM%3D,real,completed
i3PRqSqHCgY,https://www.youtube.com/watch?v=i3PRqSqHCgY&pp=ygUdc3BvcnRzIGhpZ2hsaWdodHMgMTA4MHAgNjBmcHM%3D,real,completed
4Us62q8B-rw,https://www.youtube.com/watch?v=4Us62q8B-rw&pp=ygUZNGsgd2Fsa2luZyB0b3VyIGNpdHkgcmFpbtIHCQnUCgGHKiGM7w%3D%3D,real,completed
72Irs8Ff6dk,https://www.youtube.com/watch?v=72Irs8Ff6dk&pp=ygUZNGsgd2Fsa2luZyB0b3VyIGNpdHkgcmFpbg%3D%3D,real,completed
ufskJSgaLfI,https://www.youtube.com/watch?v=ufskJSgaLfI&pp=ygUZNGsgd2Fsa2luZyB0b3VyIGNpdHkgcmFpbg%3D%3D,real,completed
SgdsWCC0M-0,https://www.youtube.com/watch?v=SgdsWCC0M-0&pp=ygUZNGsgd2Fsa2luZyB0b3VyIGNpdHkgcmFpbg%3D%3D,real,completed
nTs6kPtDJGM,https://www.youtube.com/watch?v=nTs6kPtDJGM&pp=ygUZNGsgd2Fsa2luZyB0b3VyIGNpdHkgcmFpbg%3D%3D,real,completed
ajKY8mNJmDw,https://www.youtube.com/watch?v=ajKY8mNJmDw&pp=ygUZNGsgd2Fsa2luZyB0b3VyIGNpdHkgcmFpbg%3D%3D,real,completed
q7sIAhaxpuo,https://www.youtube.com/watch?v=q7sIAhaxpuo&pp=ygUZNGsgd2Fsa2luZyB0b3VyIGNpdHkgcmFpbg%3D%3D,real,completed
SiryvrStb8E,https://www.youtube.com/watch?v=SiryvrStb8E&pp=ygUZNGsgd2Fsa2luZyB0b3VyIGNpdHkgcmFpbg%3D%3D,real,completed
LFOx-vmYrts,https://www.youtube.com/watch?v=LFOx-vmYrts&pp=ygUZNGsgd2Fsa2luZyB0b3VyIGNpdHkgcmFpbg%3D%3D,real,completed
GW_cHQ93o0c,https://www.youtube.com/watch?v=GW_cHQ93o0c&pp=ygUZNGsgd2Fsa2luZyB0b3VyIGNpdHkgcmFpbtIHCQnUCgGHKiGM7w%3D%3D,real,completed
e0C1xXiWSMU,https://www.youtube.com/watch?v=e0C1xXiWSMU&pp=ygUjbWFrZXVwIHR1dG9yaWFsIHJpbmcgbGlnaHQgdW5lZGl0ZWTSBwkJ1AoBhyohjO8%3D,real,completed
MSKGwwIT4Do,https://www.youtube.com/watch?v=MSKGwwIT4Do&pp=ygUjbWFrZXVwIHR1dG9yaWFsIHJpbmcgbGlnaHQgdW5lZGl0ZWQ%3D,real,completed
lD2p2s4VoVQ,https://www.youtube.com/watch?v=lD2p2s4VoVQ&pp=ygUjbWFrZXVwIHR1dG9yaWFsIHJpbmcgbGlnaHQgdW5lZGl0ZWQ%3D,real,completed
KnRAB7n9ZCo,https://www.youtube.com/watch?v=KnRAB7n9ZCo&pp=ygUjbWFrZXVwIHR1dG9yaWFsIHJpbmcgbGlnaHQgdW5lZGl0ZWQ%3D,real,completed
PwPuIvXJcI8,https://www.youtube.com/watch?v=PwPuIvXJcI8&pp=ygUjbWFrZXVwIHR1dG9yaWFsIHJpbmcgbGlnaHQgdW5lZGl0ZWQ%3D,real,completed
izRnxly6cyw,https://www.youtube.com/watch?v=izRnxly6cyw&pp=ygUjbWFrZXVwIHR1dG9yaWFsIHJpbmcgbGlnaHQgdW5lZGl0ZWQ%3D,real,completed
Fx1jCwX0LeU,https://www.youtube.com/watch?v=Fx1jCwX0LeU&pp=ygUjbWFrZXVwIHR1dG9yaWFsIHJpbmcgbGlnaHQgdW5lZGl0ZWQ%3D,real,completed
3jfz_-mVwss,https://www.youtube.com/watch?v=3jfz_-mVwss&pp=ygUjbWFrZXVwIHR1dG9yaWFsIHJpbmcgbGlnaHQgdW5lZGl0ZWQ%3D,real,completed
MPU9DAkYnGw,https://www.youtube.com/watch?v=MPU9DAkYnGw&pp=ygUjbWFrZXVwIHR1dG9yaWFsIHJpbmcgbGlnaHQgdW5lZGl0ZWQ%3D,real,completed
MWv0IDtOyxY,https://www.youtube.com/watch?v=MWv0IDtOyxY&pp=ygUjbWFrZXVwIHR1dG9yaWFsIHJpbmcgbGlnaHQgdW5lZGl0ZWQ%3D,real,completed
CenxCa29Yh8,https://www.youtube.com/watch?v=CenxCa29Yh8&pp=ygUeTHVtYSBEcmVhbSBNYWNoaW5lIGdlbmVyYXRpb25z,ai,completed
Zb3tffmBPRE,https://www.youtube.com/watch?v=Zb3tffmBPRE&pp=ygUeTHVtYSBEcmVhbSBNYWNoaW5lIGdlbmVyYXRpb25z,ai,completed
eY8B221msXY,https://www.youtube.com/watch?v=eY8B221msXY&pp=ygUeTHVtYSBEcmVhbSBNYWNoaW5lIGdlbmVyYXRpb25z,ai,completed
-uA7G0LtPmQ,https://www.youtube.com/watch?v=-uA7G0LtPmQ&pp=ygUeTHVtYSBEcmVhbSBNYWNoaW5lIGdlbmVyYXRpb25z,ai,completed
95ek6ZQ-y3g,https://www.youtube.com/watch?v=95ek6ZQ-y3g&pp=ygUeTHVtYSBEcmVhbSBNYWNoaW5lIGdlbmVyYXRpb25z,ai,completed
P4K0GP5zWKE,https://www.youtube.com/watch?v=P4K0GP5zWKE&pp=ygUeTHVtYSBEcmVhbSBNYWNoaW5lIGdlbmVyYXRpb25z,ai,completed
v4V3eg1VQ18,https://www.youtube.com/watch?v=v4V3eg1VQ18&pp=ygUeTHVtYSBEcmVhbSBNYWNoaW5lIGdlbmVyYXRpb25z,ai,completed
xcyZe-kiRB8,https://www.youtube.com/watch?v=xcyZe-kiRB8&pp=ygUeTHVtYSBEcmVhbSBNYWNoaW5lIGdlbmVyYXRpb25z,ai,completed
RTNpkUObDTs,https://www.youtube.com/watch?v=RTNpkUObDTs&pp=ygUeTHVtYSBEcmVhbSBNYWNoaW5lIGdlbmVyYXRpb25z0gcJCdQKAYcqIYzv,ai,completed
Rw42ya_u424,https://www.youtube.com/watch?v=Rw42ya_u424&pp=ygUeTHVtYSBEcmVhbSBNYWNoaW5lIGdlbmVyYXRpb25z,ai,completed
BruwZ6Lwsi8,https://www.youtube.com/watch?v=BruwZ6Lwsi8&pp=ygUeTHVtYSBEcmVhbSBNYWNoaW5lIGdlbmVyYXRpb25z,ai,completed
w7ZCcWsx5bU,https://www.youtube.com/watch?v=w7ZCcWsx5bU&pp=ygUeTHVtYSBEcmVhbSBNYWNoaW5lIGdlbmVyYXRpb25z,ai,completed
94vBNacB0Ds,https://www.youtube.com/watch?v=94vBNacB0Ds&pp=ygUeTHVtYSBEcmVhbSBNYWNoaW5lIGdlbmVyYXRpb25z,ai,completed
vs-NFPQuDG0,https://www.youtube.com/watch?v=vs-NFPQuDG0&pp=ygUeTHVtYSBEcmVhbSBNYWNoaW5lIGdlbmVyYXRpb25z,ai,completed
DuI1Nx98Stk,https://www.youtube.com/watch?v=DuI1Nx98Stk&t=481s&pp=ygUeTHVtYSBEcmVhbSBNYWNoaW5lIGdlbmVyYXRpb25z,ai,completed
MZh2RhG4tkM,https://www.youtube.com/watch?v=MZh2RhG4tkM&pp=ygUYUGlrYSBsYWJzIHZpZGVvIGV4YW1wbGVz,ai,completed
K734X6AJSao,https://www.youtube.com/watch?v=K734X6AJSao&pp=ygUYUGlrYSBsYWJzIHZpZGVvIGV4YW1wbGVz,ai,completed
g6qcm4USFtE,https://www.youtube.com/watch?v=g6qcm4USFtE&pp=ygUYUGlrYSBsYWJzIHZpZGVvIGV4YW1wbGVz,ai,completed
QL6bCyYRMdM,https://www.youtube.com/watch?v=QL6bCyYRMdM&pp=ygUYUGlrYSBsYWJzIHZpZGVvIGV4YW1wbGVz,ai,completed
1ugUllz4wCs,https://www.youtube.com/watch?v=1ugUllz4wCs&pp=ygUYUGlrYSBsYWJzIHZpZGVvIGV4YW1wbGVz,ai,completed
YVaoXmPdYWo,https://www.youtube.com/watch?v=YVaoXmPdYWo&pp=ygUYUGlrYSBsYWJzIHZpZGVvIGV4YW1wbGVz,ai,failed
x1z3Ypd49hs,https://www.youtube.com/watch?v=x1z3Ypd49hs&pp=ygUYUGlrYSBsYWJzIHZpZGVvIGV4YW1wbGVz,ai,completed
PsdSV1Gtzs0,https://www.youtube.com/watch?v=PsdSV1Gtzs0&pp=ygUYUGlrYSBsYWJzIHZpZGVvIGV4YW1wbGVz,ai,completed
j_1esvFMVLM,https://www.youtube.com/watch?v=j_1esvFMVLM&pp=ygUYUGlrYSBsYWJzIHZpZGVvIGV4YW1wbGVz,ai,completed
8uRs5ve3ga4,https://www.youtube.com/watch?v=8uRs5ve3ga4&pp=ygUYUGlrYSBsYWJzIHZpZGVvIGV4YW1wbGVz,ai,completed
Z1bIGyXnh6U,https://www.youtube.com/watch?v=Z1bIGyXnh6U&t=27s&pp=ygUiTWlkam91cm5leSBWNiB0byB2aWRlbyBjb21waWxhdGlvbg%3D%3D,ai,completed
xoZG5WQbgMw,https://www.youtube.com/watch?v=xoZG5WQbgMw&pp=ygUiTWlkam91cm5leSBWNiB0byB2aWRlbyBjb21waWxhdGlvbg%3D%3D,ai,completed
Lz0B-xNPw_4,https://www.youtube.com/watch?v=Lz0B-xNPw_4&pp=ygUiTWlkam91cm5leSBWNiB0byB2aWRlbyBjb21waWxhdGlvbg%3D%3D,ai,completed
E9PvSeIO5NY,https://www.youtube.com/watch?v=E9PvSeIO5NY&pp=ygUiTWlkam91cm5leSBWNiB0byB2aWRlbyBjb21waWxhdGlvbg%3D%3D,ai,completed
pVQ0CSs1r-c,https://www.youtube.com/watch?v=pVQ0CSs1r-c&pp=ygUiTWlkam91cm5leSBWNiB0byB2aWRlbyBjb21waWxhdGlvbtIHCQnUCgGHKiGM7w%3D%3D,ai,completed
FfQQwEgaYJY,https://www.youtube.com/watch?v=FfQQwEgaYJY&pp=ygUiTWlkam91cm5leSBWNiB0byB2aWRlbyBjb21waWxhdGlvbtIHCQnUCgGHKiGM7w%3D%3D,ai,completed
hZv1KGDHW7c,https://www.youtube.com/watch?v=hZv1KGDHW7c&pp=ygUiTWlkam91cm5leSBWNiB0byB2aWRlbyBjb21waWxhdGlvbg%3D%3D,ai,completed
kGrH9d--L5w,https://www.youtube.com/watch?v=kGrH9d--L5w&t=113s&pp=ygUiTWlkam91cm5leSBWNiB0byB2aWRlbyBjb21waWxhdGlvbg%3D%3D,ai,completed
B2FD9WpMHbs,https://www.youtube.com/watch?v=B2FD9WpMHbs&pp=ygUiTWlkam91cm5leSBWNiB0byB2aWRlbyBjb21waWxhdGlvbg%3D%3D,ai,completed
EEGgS__9iaA,https://www.youtube.com/watch?v=EEGgS__9iaA&t=50s&pp=ygUiTWlkam91cm5leSBWNiB0byB2aWRlbyBjb21waWxhdGlvbg%3D%3D,ai,completed
pLyeqX62Se0,https://www.youtube.com/watch?v=pLyeqX62Se0&pp=ygUiRGVmb3J1bSBTdGFibGUgRGlmZnVzaW9uIGFuaW1hdGlvbg%3D%3D,ai,completed
oGC9t0X_658,https://www.youtube.com/watch?v=oGC9t0X_658&list=RDoGC9t0X_658&start_radio=1&pp=ygUiRGVmb3J1bSBTdGFibGUgRGlmZnVzaW9uIGFuaW1hdGlvbqAHAQ%3D%3D,ai,completed
yVQJQ5Sn2sw,https://www.youtube.com/watch?v=yVQJQ5Sn2sw&pp=ygUiRGVmb3J1bSBTdGFibGUgRGlmZnVzaW9uIGFuaW1hdGlvbg%3D%3D,ai,completed
VWcPEC44VJk,https://www.youtube.com/watch?v=VWcPEC44VJk&pp=ygUiRGVmb3J1bSBTdGFibGUgRGlmZnVzaW9uIGFuaW1hdGlvbg%3D%3D,ai,completed
l2I25hhbQ2c,https://www.youtube.com/watch?v=l2I25hhbQ2c&pp=ygUiRGVmb3J1bSBTdGFibGUgRGlmZnVzaW9uIGFuaW1hdGlvbg%3D%3D,ai,completed
ylbHbN-cLUE,https://www.youtube.com/watch?v=ylbHbN-cLUE&list=RDylbHbN-cLUE&start_radio=1&pp=ygUiRGVmb3J1bSBTdGFibGUgRGlmZnVzaW9uIGFuaW1hdGlvbqAHAQ%3D%3D,ai,completed
ETmHEnA7XfQ,https://www.youtube.com/watch?v=ETmHEnA7XfQ&pp=ygUiRGVmb3J1bSBTdGFibGUgRGlmZnVzaW9uIGFuaW1hdGlvbg%3D%3D,ai,completed
6snk7gw898g,https://www.youtube.com/watch?v=6snk7gw898g&list=RD6snk7gw898g&start_radio=1&pp=ygUiRGVmb3J1bSBTdGFibGUgRGlmZnVzaW9uIGFuaW1hdGlvbqAHAQ%3D%3D,ai,completed
bicPayZDI60,https://www.youtube.com/watch?v=bicPayZDI60&pp=ygUiRGVmb3J1bSBTdGFibGUgRGlmZnVzaW9uIGFuaW1hdGlvbg%3D%3D,ai,completed
lLhsOe6q18Q,https://www.youtube.com/watch?v=lLhsOe6q18Q&pp=ygUiRGVmb3J1bSBTdGFibGUgRGlmZnVzaW9uIGFuaW1hdGlvbg%3D%3D,ai,completed
40xtlLJsUeY,https://www.youtube.com/watch?v=40xtlLJsUeY&pp=ygUbQUkgZ2VuZXJhdGVkIHBlb3BsZSB3YWxraW5n,ai,completed
MWLLIjOTqkE,https://www.youtube.com/watch?v=MWLLIjOTqkE&pp=ygUbQUkgZ2VuZXJhdGVkIHBlb3BsZSB3YWxraW5n,ai,completed
9Yvyb3NMvd4,https://www.youtube.com/watch?v=9Yvyb3NMvd4&pp=ygUbQUkgZ2VuZXJhdGVkIHBlb3BsZSB3YWxraW5n,ai,completed
f2N1bRoSVVk,https://www.youtube.com/watch?v=f2N1bRoSVVk&pp=ygUbQUkgZ2VuZXJhdGVkIHBlb3BsZSB3YWxraW5n,ai,completed
j8hlMkrfkw4,https://www.youtube.com/watch?v=j8hlMkrfkw4&pp=ygUbQUkgZ2VuZXJhdGVkIHBlb3BsZSB3YWxraW5n,ai,completed
xvs7p5KfPqM,https://www.youtube.com/watch?v=xvs7p5KfPqM&pp=ygUbQUkgZ2VuZXJhdGVkIHBlb3BsZSB3YWxraW5n,ai,completed
SA6fUs3dsRU,https://www.youtube.com/watch?v=SA6fUs3dsRU&pp=ygUbQUkgZ2VuZXJhdGVkIHBlb3BsZSB3YWxraW5n,ai,completed
KN9m668Aj00,https://www.youtube.com/watch?v=KN9m668Aj00&pp=ygUbQUkgZ2VuZXJhdGVkIHBlb3BsZSB3YWxraW5n,ai,completed
FERa1AI2EK8,https://www.youtube.com/watch?v=FERa1AI2EK8&pp=ygUXQUkgZGVlcGZha2Ugc3BlZWNoIHRlc3TSBwkJ1AoBhyohjO8%3D,ai,completed
3wVpVH0Wa6E,https://www.youtube.com/watch?v=3wVpVH0Wa6E&pp=ygUXQUkgZGVlcGZha2Ugc3BlZWNoIHRlc3Q%3D,ai,completed
eC8mZceIy5k,https://www.youtube.com/watch?v=eC8mZceIy5k&pp=ygUXQUkgZGVlcGZha2Ugc3BlZWNoIHRlc3Q%3D,ai,completed
sisnzgc73zc,https://www.youtube.com/watch?v=sisnzgc73zc&t=113s&pp=ygUXQUkgZGVlcGZha2Ugc3BlZWNoIHRlc3Q%3D,ai,completed
WFc6t-c892A,https://www.youtube.com/watch?v=WFc6t-c892A&pp=ygUXQUkgZGVlcGZha2Ugc3BlZWNoIHRlc3TSBwkJ1AoBhyohjO8%3D,ai,completed
I7gwT9sjYNA,https://www.youtube.com/watch?v=I7gwT9sjYNA&pp=ygUXQUkgZGVlcGZha2Ugc3BlZWNoIHRlc3Q%3D,ai,completed
IkwWEEZXjPw,https://www.youtube.com/watch?v=IkwWEEZXjPw&pp=ygUXQUkgZGVlcGZha2Ugc3BlZWNoIHRlc3Q%3D,ai,completed
cnUd0TpuoXI,https://www.youtube.com/watch?v=cnUd0TpuoXI&pp=ygUXQUkgZGVlcGZha2Ugc3BlZWNoIHRlc3Q%3D,ai,completed
GMoOCKkcd_w,https://www.youtube.com/watch?v=GMoOCKkcd_w&pp=ygUXQUkgZGVlcGZha2Ugc3BlZWNoIHRlc3TSBwkJ1AoBhyohjO8%3D,ai,completed
kNEPV_qYZ1U,https://www.youtube.com/watch?v=kNEPV_qYZ1U&pp=ygUXQUkgZGVlcGZha2Ugc3BlZWNoIHRlc3Q%3D,ai,completed
PBhWlr3nMBY,https://www.youtube.com/watch?v=PBhWlr3nMBY&pp=ygUZQUkgZ2VuZXJhdGVkIGVhdGluZyB2aWRlbw%3D%3D,ai,completed
LtgS4QgEU6Q,https://www.youtube.com/watch?v=LtgS4QgEU6Q&pp=ygUZQUkgZ2VuZXJhdGVkIGVhdGluZyB2aWRlb9IHCQnUCgGHKiGM7w%3D%3D,ai,completed
59V2KSYqbhU,https://www.youtube.com/watch?v=59V2KSYqbhU&pp=ygUZQUkgZ2VuZXJhdGVkIGVhdGluZyB2aWRlbw%3D%3D,ai,completed
McR6VA3E6XM,https://www.youtube.com/watch?v=McR6VA3E6XM&pp=ygUZQUkgZ2VuZXJhdGVkIGVhdGluZyB2aWRlbw%3D%3D,ai,completed
2GeImknaDm4,https://www.youtube.com/watch?v=2GeImknaDm4&pp=ygUZQUkgZ2VuZXJhdGVkIGVhdGluZyB2aWRlbw%3D%3D,ai,failed
37g7R61oPf4,https://www.youtube.com/watch?v=37g7R61oPf4&pp=ygUZQUkgZ2VuZXJhdGVkIGVhdGluZyB2aWRlbw%3D%3D,ai,pending
-g3-7UVbVt0,https://www.youtube.com/watch?v=-g3-7UVbVt0&pp=ygUZQUkgZ2VuZXJhdGVkIGVhdGluZyB2aWRlbw%3D%3D,ai,pending
6FA1qwNil6A,https://www.youtube.com/watch?v=6FA1qwNil6A&pp=ygUZQUkgZ2VuZXJhdGVkIGVhdGluZyB2aWRlb9IHCQnUCgGHKiGM7w%3D%3D,ai,pending
X32bUb5W_5g,https://www.youtube.com/watch?v=X32bUb5W_5g&pp=ygUZQUkgZ2VuZXJhdGVkIGVhdGluZyB2aWRlbw%3D%3D,ai,pending
cCOBFP2vQuA,https://www.youtube.com/watch?v=cCOBFP2vQuA&pp=ygUZQUkgZ2VuZXJhdGVkIGVhdGluZyB2aWRlb9IHCQnUCgGHKiGM7w%3D%3D,ai,pending
